Name,Link
Albany Technical College,https://www.free-4u.com/Colleges/Albany-Technical-College.html
Altamaha Technical College,https://www.free-4u.com/Colleges/Altamaha-Technical-College.html
Andrew College,https://www.free-4u.com/Colleges/Andrew-College.html
Anthem College-Atlanta,https://www.free-4u.com/Colleges/Anthem-College-Atlanta.html
Athens Technical College,https://www.free-4u.com/Colleges/Athens-Technical-College.html
Atlanta Institute of Music and Media,https://www.free-4u.com/Colleges/Atlanta-Institute-of-Music-and-Media.html
Atlanta Technical College,https://www.free-4u.com/Colleges/Atlanta-Technical-College.html
Augusta Technical College,https://www.free-4u.com/Colleges/Augusta-Technical-College.html
Aviation Institute of Maintenance-Atlanta,https://www.free-4u.com/Colleges/Aviation-Institute-of-Maintenance-Atlanta.html
Bainbridge State College,https://www.free-4u.com/Colleges/Bainbridge-State-College.html
Brown College of Court Reporting,https://www.free-4u.com/Colleges/Brown-College-of-Court-Reporting.html
Brown Mackie College-Atlanta,https://www.free-4u.com/Colleges/Brown-Mackie-College-Atlanta.html
Central Georgia Technical College,https://www.free-4u.com/Colleges/Central-Georgia-Technical-College.html
Chattahoochee Technical College,https://www.free-4u.com/Colleges/Chattahoochee-Technical-College.html
Columbus Technical College,https://www.free-4u.com/Colleges/Columbus-Technical-College.html
Everest Institute-Norcross,https://www.free-4u.com/Colleges/Everest-Institute-Norcross.html
Fortis College-Smyrna,https://www.free-4u.com/Colleges/Fortis-College-Smyrna.html
Georgia Northwestern Technical College,https://www.free-4u.com/Colleges/Georgia-Northwestern-Technical-College.html
Georgia Perimeter College,https://www.free-4u.com/Colleges/Georgia-Perimeter-College.html
Georgia Piedmont Technical College,https://www.free-4u.com/Colleges/Georgia-Piedmont-Technical-College.html
Gupton Jones College of Funeral Service,https://www.free-4u.com/Colleges/Gupton-Jones-College-of-Funeral-Service.html
Gwinnett College-Lilburn,https://www.free-4u.com/Colleges/Gwinnett-College-Lilburn.html
Gwinnett Technical College,https://www.free-4u.com/Colleges/Gwinnett-Technical-College.html
Interactive College of Technology-Chamblee,https://www.free-4u.com/Colleges/Interactive-College-of-Technology-Chamblee.html
Interactive College of Technology-Gainesville,https://www.free-4u.com/Colleges/Interactive-College-of-Technology-Gainesville.html
Interactive College of Technology-Morrow,https://www.free-4u.com/Colleges/Interactive-College-of-Technology-Morrow.html
Lanier Technical College,https://www.free-4u.com/Colleges/Lanier-Technical-College.html
Le Cordon Bleu College of Culinary Arts-Atlanta,https://www.free-4u.com/Colleges/Le-Cordon-Bleu-College-of-Culinary-Arts-Atlanta.html
Lincoln College of Technology-Marietta,https://www.free-4u.com/Colleges/Lincoln-College-of-Technology-Marietta.html
MedTech Institute-Atlanta Campus,https://www.free-4u.com/Colleges/MedTech-Institute-Atlanta-Campus.html
Miller-Motte Technical College-Augusta,https://www.free-4u.com/Colleges/Miller-Motte-Technical-College-Augusta.html
Miller-Motte Technical College-Columbus,https://www.free-4u.com/Colleges/Miller-Motte-Technical-College-Columbus.html
Miller-Motte Technical College-Macon,https://www.free-4u.com/Colleges/Miller-Motte-Technical-College-Macon.html
Moultrie Technical College,https://www.free-4u.com/Colleges/Moultrie-Technical-College.html
New Horizons Medical Institute,https://www.free-4u.com/Colleges/New-Horizons-Medical-Institute.html
North Georgia Technical College,https://www.free-4u.com/Colleges/North-Georgia-Technical-College.html
Oconee Fall Line Technical College,https://www.free-4u.com/Colleges/Oconee-Fall-Line-Technical-College.html
Ogeechee Technical College,https://www.free-4u.com/Colleges/Ogeechee-Technical-College.html
SAE Institute of Technology-Atlanta,https://www.free-4u.com/Colleges/SAE-Institute-of-Technology-Atlanta.html
Sanford-Brown College-Atlanta,https://www.free-4u.com/Colleges/Sanford-Brown-College-Atlanta.html
Savannah Technical College,https://www.free-4u.com/Colleges/Savannah-Technical-College.html
South Georgia Technical College,https://www.free-4u.com/Colleges/South-Georgia-Technical-College.html
Southeastern Technical College,https://www.free-4u.com/Colleges/Southeastern-Technical-College.html
Southern Crescent Technical College,https://www.free-4u.com/Colleges/Southern-Crescent-Technical-College.html
Southwest Georgia Technical College,https://www.free-4u.com/Colleges/Southwest-Georgia-Technical-College.html
Virginia College-Columbus,https://www.free-4u.com/Colleges/Virginia-College-Columbus.html
Virginia College-Macon,https://www.free-4u.com/Colleges/Virginia-College-Macon.html
West Georgia Technical College,https://www.free-4u.com/Colleges/West-Georgia-Technical-College.html
Wiregrass Georgia Technical College,https://www.free-4u.com/Colleges/Wiregrass-Georgia-Technical-College.html
